{"OJGjD1idETIvhK4N1X4UWA==":"logo.ico","+jez9Ijl7wUElUgz5LF0Pw==":"1-1920x960.jpg","mjkQZcqlaMP4oi0c4GqDYA==":"josep-350x505.png","qbeOWu+G5YqeRWSvV2EgLg==":"chan-350x505.png","Sue5WZGy1T/zjrUdfIzImQ==":"jino-350x505.png","Axx4sWAEHLgl71CPcnskmw==":"marvin-350x505.jpg","rZdjpOE+6QUrYuw/QAzb4Q==":"images-261x193.jpg","Pmweir+rL1sPtr1jjkIUZQ==":"images%20(1)-275x183.jpg","sdWIwMnfBIIBd1KFrUiN+A==":"web%2020220103t1035-usa-haiti-mass-1515010-816x544.jpg","tTEWNLkPcivCX4JYdH9ILA==":"img-3430-1024x768.jpg","quXSRKHLAjTETne3BTo5Bg==":"complete-church-midnight-mass_(3135957575)-816x506.jpg","sCLl/zHrIzw8ncBOAaK8iA==":"434751414_410881378360083_6580714117572246006_n%20(1)-1256x942.jpg"}